countyfips,countyname,voted_all,reg_all,pct_voted_all,voted_gender_male,reg_gender_male,pct_voted_gender_male,voted_gender_female,reg_gender_female,pct_voted_gender_female,voted_gender_unknown,reg_gender_unknown,pct_voted_gender_unknown,voted_age_18_19,reg_age_18_19,pct_voted_age_18_19,voted_age_20_24,reg_age_20_24,pct_voted_age_20_24,voted_age_25_29,reg_age_25_29,pct_voted_age_25_29,voted_age_30_34,reg_age_30_34,pct_voted_age_30_34,voted_age_35_44,reg_age_35_44,pct_voted_age_35_44,voted_age_45_54,reg_age_45_54,pct_voted_age_45_54,voted_age_55_64,reg_age_55_64,pct_voted_age_55_64,voted_age_65_74,reg_age_65_74,pct_voted_age_65_74,voted_age_75_84,reg_age_75_84,pct_voted_age_75_84,voted_age_85over,reg_age_85over,pct_voted_age_85over,voted_party_democratic,reg_party_democratic,pct_voted_party_democratic,voted_party_republican,reg_party_republican,pct_voted_party_republican,voted_party_ind_npp,reg_party_ind_npp,pct_voted_party_ind_npp,voted_party_others,reg_party_others,pct_voted_party_others,voted_eur,reg_eur,pct_voted_eur,voted_hisp,reg_hisp,pct_voted_hisp,voted_aa,reg_aa,pct_voted_aa,voted_esa,reg_esa,pct_voted_esa,voted_oth,reg_oth,pct_voted_oth,voted_unk,reg_unk,pct_voted_unk,voted_self_afam,reg_self_afam,pct_voted_self_afam,voted_eur_party_democratic,reg_eur_party_democratic,pct_voted_eur_party_democratic,voted_eur_party_republican,reg_eur_party_republican,pct_voted_eur_party_republican,voted_eur_party_ind_npp,reg_eur_party_ind_npp,pct_voted_eur_party_ind_npp,voted_eur_party_others,reg_eur_party_others,pct_voted_eur_party_others,voted_hisp_party_democratic,reg_hisp_party_democratic,pct_voted_hisp_party_democratic,voted_hisp_party_republican,reg_hisp_party_republican,pct_voted_hisp_party_republican,voted_hisp_party_ind_npp,reg_hisp_party_ind_npp,pct_voted_hisp_party_ind_npp,voted_hisp_party_others,reg_hisp_party_others,pct_voted_hisp_party_others,voted_aa_party_democratic,reg_aa_party_democratic,pct_voted_aa_party_democratic,voted_aa_party_republican,reg_aa_party_republican,pct_voted_aa_party_republican,voted_aa_party_ind_npp,reg_aa_party_ind_npp,pct_voted_aa_party_ind_npp,voted_aa_party_others,reg_aa_party_others,pct_voted_aa_party_others,voted_esa_party_democratic,reg_esa_party_democratic,pct_voted_esa_party_democratic,voted_esa_party_republican,reg_esa_party_republican,pct_voted_esa_party_republican,voted_esa_party_ind_npp,reg_esa_party_ind_npp,pct_voted_esa_party_ind_npp,voted_esa_party_others,reg_esa_party_others,pct_voted_esa_party_others,voted_oth_party_democratic,reg_oth_party_democratic,pct_voted_oth_party_democratic,voted_oth_party_republican,reg_oth_party_republican,pct_voted_oth_party_republican,voted_oth_party_ind_npp,reg_oth_party_ind_npp,pct_voted_oth_party_ind_npp,voted_oth_party_others,reg_oth_party_others,pct_voted_oth_party_others,voted_unk_party_democratic,reg_unk_party_democratic,pct_voted_unk_party_democratic,voted_unk_party_republican,reg_unk_party_republican,pct_voted_unk_party_republican,voted_unk_party_ind_npp,reg_unk_party_ind_npp,pct_voted_unk_party_ind_npp,voted_unk_party_others,reg_unk_party_others,pct_voted_unk_party_others,voted_self_afam_party_democratic,reg_self_afam_party_democratic,pct_voted_self_afam_party_democratic,voted_self_afam_party_republican,reg_self_afam_party_republican,pct_voted_self_afam_party_republican,voted_self_afam_party_ind_npp,reg_self_afam_party_ind_npp,pct_voted_self_afam_party_ind_npp,voted_self_afam_party_others,reg_self_afam_party_others,pct_voted_self_afam_party_others
1001,AUTAUGA,28054,42772,0.6559,12464,19766,0.6306,15585,22996,0.6777,5,10,0.5,274,424,0.6462,1642,3284,0.5,1643,3508,0.4684,1839,3723,0.494,4370,7322,0.5968,4840,6932,0.6982,5412,7212,0.7504,4611,5818,0.7925,2667,3388,0.7872,754,1148,0.6568,6286,10909,0.5762,20472,28667,0.7141,1296,3196,0.4055,0,0,,20212,29294,0.69,499,955,0.5225,5070,9026,0.5617,212,403,0.5261,144,260,0.5538,1917,2834,0.6764,5025,8939,0.5621,1199,1832,0.6545,18317,25841,0.7088,696,1621,0.4294,0,0,,92,155,0.5935,243,346,0.7023,164,454,0.3612,0,0,,4827,8661,0.5573,222,304,0.7303,21,61,0.3443,0,0,,25,36,0.6944,106,141,0.7518,81,226,0.3584,0,0,,15,29,0.5172,93,138,0.6739,36,93,0.3871,0,0,,128,196,0.6531,1491,1897,0.786,298,741,0.4022,0,0,,4807,8622,0.5575,208,284,0.7324,10,33,0.303,0,0,
1003,BALDWIN,121453,190475,0.6376,55065,89317,0.6165,66386,101154,0.6563,2,4,0.5,982,1767,0.5557,5195,12117,0.4287,5583,13752,0.406,6338,13580,0.4667,15591,27875,0.5593,18625,28801,0.6467,23256,32503,0.7155,25445,32645,0.7794,16401,21043,0.7794,4010,6321,0.6344,17993,33762,0.5329,98415,144617,0.6805,5045,12096,0.4171,0,0,,99154,150240,0.66,3166,6255,0.5062,6082,13822,0.44,849,1533,0.5538,1216,1946,0.6249,10986,16679,0.6587,6043,13726,0.4403,8133,11748,0.6923,88298,131420,0.6719,2723,7072,0.385,0,0,,1934,4744,0.4077,1222,1500,0.8147,10,11,0.9091,0,0,,5726,13316,0.43,349,487,0.7166,7,19,0.3684,0,0,,432,1036,0.417,414,494,0.8381,3,3,1.0,0,0,,596,1180,0.5051,620,765,0.8105,0,1,0.0,0,0,,1172,1738,0.6743,7512,9951,0.7549,2302,4990,0.4613,0,0,,5695,13236,0.4303,341,471,0.724,7,19,0.3684,0,0,
1005,BARBOUR,9745,16407,0.594,4164,7532,0.5528,5579,8868,0.6291,2,7,0.2857,75,149,0.5034,439,1040,0.4221,438,1176,0.3724,453,1150,0.3939,1089,2379,0.4578,1332,2298,0.5796,1973,2884,0.6841,2182,2832,0.7705,1428,1892,0.7548,336,590,0.5695,4426,8860,0.4995,5154,7154,0.7204,165,393,0.4198,0,0,,5444,7689,0.708,106,274,0.3869,3744,7744,0.4835,39,72,0.5417,24,50,0.48,388,578,0.6713,3710,7649,0.485,595,809,0.7355,4736,6609,0.7166,113,271,0.417,0,0,,73,232,0.3147,33,42,0.7857,0,0,,0,0,,3681,7661,0.4805,63,83,0.759,0,0,,0,0,,22,49,0.449,17,23,0.7391,0,0,,0,0,,11,35,0.3143,13,15,0.8667,0,0,,0,0,,44,74,0.5946,292,382,0.7644,52,122,0.4262,0,0,,3651,7571,0.4822,59,78,0.7564,0,0,,0,0,
1007,BIBB,9183,14579,0.6299,4213,6959,0.6054,4970,7620,0.6522,0,0,,70,120,0.5833,565,1044,0.5412,644,1341,0.4802,603,1281,0.4707,1212,2175,0.5572,1531,2353,0.6507,1819,2563,0.7097,1551,2055,0.7547,925,1220,0.7582,262,426,0.615,1501,3137,0.4785,7338,10597,0.6925,344,845,0.4071,0,0,,7225,10838,0.6666,87,166,0.5241,1229,2616,0.4698,23,38,0.6053,27,40,0.675,592,881,0.672,1218,2597,0.469,263,439,0.5991,6722,9800,0.6859,240,599,0.4007,0,0,,54,127,0.4252,33,39,0.8462,0,0,,0,0,,1138,2479,0.4591,89,129,0.6899,2,8,0.25,0,0,,6,18,0.3333,17,20,0.85,0,0,,0,0,,12,24,0.5,15,16,0.9375,0,0,,0,0,,28,50,0.56,462,593,0.7791,102,238,0.4286,0,0,,1129,2462,0.4586,87,127,0.685,2,8,0.25,0,0,
1009,BLOUNT,27999,42343,0.6612,13083,20471,0.6391,14916,21872,0.682,0,0,,311,622,0.5,1743,3279,0.5316,1839,3551,0.5179,1829,3392,0.5392,3938,6480,0.6077,4472,6550,0.6827,5299,7165,0.7396,4948,6311,0.784,2946,3853,0.7646,670,1127,0.5945,2374,4943,0.4803,24486,34797,0.7037,1139,2603,0.4376,0,0,,24693,36234,0.6815,881,2200,0.4005,325,773,0.4204,136,214,0.6355,144,228,0.6316,1820,2694,0.6756,324,769,0.4213,1207,1908,0.6326,22641,32409,0.6986,845,1917,0.4408,0,0,,655,1906,0.3437,226,291,0.7766,0,3,0.0,0,0,,290,714,0.4062,35,59,0.5932,0,0,,0,0,,67,131,0.5115,69,83,0.8313,0,0,,0,0,,48,111,0.4324,96,117,0.8205,0,0,,0,0,,107,173,0.6185,1419,1838,0.772,294,683,0.4305,0,0,,289,710,0.407,35,59,0.5932,0,0,,0,0,
1011,BULLOCK,4014,6850,0.586,1610,3171,0.5077,2401,3676,0.6532,3,3,1.0,25,66,0.3788,187,465,0.4022,217,524,0.4141,241,563,0.4281,478,1052,0.4544,596,1010,0.5901,738,1104,0.6685,915,1207,0.7581,484,637,0.7598,133,221,0.6018,3224,5592,0.5765,744,1120,0.6643,46,138,0.3333,0,0,,999,1423,0.702,22,87,0.2529,2905,5208,0.5578,5,11,0.4545,13,22,0.5909,70,99,0.7071,2892,5180,0.5583,308,374,0.8235,669,1010,0.6624,22,39,0.5641,0,0,,2,9,0.2222,6,15,0.4,14,63,0.2222,0,0,,2887,5174,0.558,18,26,0.6923,0,8,0.0,0,0,,1,2,0.5,1,1,1.0,3,8,0.375,0,0,,6,8,0.75,7,10,0.7,0,4,0.0,0,0,,20,25,0.8,43,58,0.7414,7,16,0.4375,0,0,,2877,5160,0.5576,15,20,0.75,0,0,,0,0,
1013,BUTLER,7945,13677,0.5809,3368,6230,0.5406,4577,7445,0.6148,0,2,0.0,57,99,0.5758,347,874,0.397,383,1075,0.3563,384,1008,0.381,1030,2106,0.4891,1265,2169,0.5832,1514,2245,0.6744,1696,2300,0.7374,964,1311,0.7353,305,483,0.6315,3221,6671,0.4828,4595,6679,0.688,129,327,0.3945,0,0,,4591,6883,0.667,57,100,0.57,2942,6149,0.4785,39,62,0.629,24,36,0.6667,292,447,0.6532,2918,6102,0.4782,250,432,0.5787,4250,6219,0.6834,91,232,0.3922,0,0,,33,70,0.4714,23,29,0.7931,1,1,1.0,0,0,,2878,6058,0.4751,64,90,0.7111,0,1,0.0,0,0,,25,47,0.5319,14,15,0.9333,0,0,,0,0,,11,20,0.55,13,16,0.8125,0,0,,0,0,,24,44,0.5455,231,310,0.7452,37,93,0.3978,0,0,,2862,6020,0.4754,56,81,0.6914,0,1,0.0,0,0,
1015,CALHOUN,48156,79396,0.6065,21364,36701,0.5821,26788,42676,0.6277,4,19,0.2105,416,667,0.6237,2768,5725,0.4835,2748,6855,0.4009,2791,6603,0.4227,6470,12456,0.5194,7435,12193,0.6098,9020,12918,0.6983,9508,12396,0.767,5551,7239,0.7668,1442,2319,0.6218,11466,22938,0.4999,34884,51745,0.6742,1806,4713,0.3832,0,0,,35689,55016,0.6487,992,2145,0.4625,8204,16788,0.4887,279,606,0.4604,249,496,0.502,2743,4345,0.6313,8109,16527,0.4907,2692,4267,0.6309,31705,47390,0.669,1292,3359,0.3846,0,0,,621,1693,0.3668,369,444,0.8311,2,8,0.25,0,0,,7620,15778,0.483,562,958,0.5866,22,52,0.4231,0,0,,140,430,0.3256,136,173,0.7861,3,3,1.0,0,0,,122,338,0.3609,126,156,0.8077,1,2,0.5,0,0,,271,432,0.6273,1986,2624,0.7569,486,1289,0.377,0,0,,7536,15535,0.4851,551,941,0.5855,22,51,0.4314,0,0,
1017,CHAMBERS,13506,24850,0.5435,5880,11478,0.5123,7625,13365,0.5705,1,7,0.1429,79,176,0.4489,666,1563,0.4261,755,1990,0.3794,781,2053,0.3804,1564,3615,0.4326,2046,3811,0.5369,2712,4290,0.6322,2778,4049,0.6861,1695,2455,0.6904,427,806,0.5298,4319,10483,0.412,8816,13392,0.6583,371,975,0.3805,0,0,,8317,13365,0.6223,136,338,0.4024,4439,10069,0.4409,46,125,0.368,36,72,0.5,532,881,0.6039,4395,9959,0.4413,417,891,0.468,7635,11779,0.6482,265,695,0.3813,0,0,,75,259,0.2896,61,78,0.7821,0,1,0.0,0,0,,3755,9133,0.4111,683,933,0.732,1,3,0.3333,0,0,,28,101,0.2772,18,22,0.8182,0,2,0.0,0,0,,16,44,0.3636,20,27,0.7407,0,1,0.0,0,0,,28,55,0.5091,399,553,0.7215,105,273,0.3846,0,0,,3725,9042,0.412,669,914,0.7319,1,3,0.3333,0,0,
1019,CHEROKEE,12367,19998,0.6184,5833,9601,0.6075,6534,10397,0.6285,0,0,,92,149,0.6174,554,1256,0.4411,663,1463,0.4532,667,1357,0.4915,1333,2458,0.5423,1849,2950,0.6268,2577,3722,0.6924,2657,3639,0.7301,1590,2319,0.6856,385,683,0.5637,1251,2495,0.5014,8608,11221,0.7671,2508,6282,0.3992,0,0,,10970,17439,0.629,104,243,0.428,368,840,0.4381,50,92,0.5435,61,100,0.61,814,1284,0.634,368,836,0.4402,745,1328,0.561,7901,10292,0.7677,2324,5819,0.3994,0,0,,63,189,0.3333,41,54,0.7593,0,0,,0,0,,333,774,0.4302,35,65,0.5385,0,1,0.0,0,0,,16,47,0.3404,34,45,0.7556,0,0,,0,0,,27,55,0.4909,34,45,0.7556,0,0,,0,0,,67,102,0.6569,563,720,0.7819,184,462,0.3983,0,0,,333,771,0.4319,35,64,0.5469,0,1,0.0,0,0,
1021,CHILTON,19537,30422,0.6422,8875,14284,0.6213,10662,16137,0.6607,0,1,0.0,171,276,0.6196,1204,2347,0.513,1264,2692,0.4695,1245,2430,0.5123,2739,4671,0.5864,3140,4807,0.6532,3734,5160,0.7236,3562,4569,0.7796,2020,2667,0.7574,455,793,0.5738,2440,5197,0.4695,16255,23241,0.6994,842,1984,0.4244,0,0,,16353,24298,0.673,389,1065,0.3653,1519,3103,0.4895,75,133,0.5639,71,114,0.6228,1130,1709,0.6612,1513,3087,0.4901,709,1230,0.5764,14994,21546,0.6959,650,1522,0.4271,0,0,,285,921,0.3094,103,143,0.7203,1,1,1.0,0,0,,1327,2803,0.4734,192,294,0.6531,0,6,0.0,0,0,,28,73,0.3836,46,59,0.7797,1,1,1.0,0,0,,28,61,0.459,43,53,0.8113,0,0,,0,0,,63,109,0.578,877,1146,0.7653,190,454,0.4185,0,0,,1323,2791,0.474,190,291,0.6529,0,5,0.0,0,0,
1023,CHOCTAW,6526,10136,0.6438,2876,4747,0.6059,3650,5389,0.6773,0,0,,59,87,0.6782,366,662,0.5529,325,735,0.4422,322,756,0.4259,734,1427,0.5144,930,1542,0.6031,1325,1781,0.744,1369,1718,0.7969,840,1055,0.7962,256,367,0.6975,2923,5233,0.5586,3482,4607,0.7558,121,296,0.4088,0,0,,3884,5286,0.7348,29,53,0.5472,2382,4456,0.5346,15,19,0.7895,7,16,0.4375,209,306,0.683,2373,4432,0.5354,535,760,0.7039,3244,4302,0.7541,105,224,0.4688,0,0,,6,11,0.5455,18,28,0.6429,5,14,0.3571,0,0,,2348,4404,0.5332,34,48,0.7083,0,4,0.0,0,0,,1,1,1.0,14,17,0.8235,0,1,0.0,0,0,,1,4,0.25,6,10,0.6,0,2,0.0,0,0,,32,53,0.6038,166,202,0.8218,11,51,0.2157,0,0,,2342,4388,0.5337,31,44,0.7045,0,0,,0,0,
1025,CLARKE,11848,18286,0.6479,5130,8466,0.606,6714,9814,0.6841,4,6,0.6667,96,215,0.4465,595,1306,0.4556,659,1551,0.4249,673,1485,0.4532,1474,2652,0.5558,1900,2845,0.6678,2374,3098,0.7663,2271,2789,0.8143,1393,1705,0.817,413,635,0.6504,4878,8791,0.5549,6726,8894,0.7562,244,601,0.406,0,0,,6626,9004,0.7359,56,110,0.5091,4733,8497,0.557,25,59,0.4237,41,79,0.519,367,537,0.6834,4700,8444,0.5566,253,451,0.561,6211,8202,0.7573,162,351,0.4615,0,0,,3,9,0.3333,34,44,0.7727,19,57,0.3333,0,0,,4596,8283,0.5549,132,200,0.66,5,14,0.3571,0,0,,1,3,0.3333,17,25,0.68,7,31,0.2258,0,0,,2,5,0.4,36,49,0.7347,3,25,0.12,0,0,,23,40,0.575,296,374,0.7914,48,123,0.3902,0,0,,4580,8256,0.5547,120,186,0.6452,0,2,0.0,0,0,
1027,CLAY,6630,10103,0.6562,3124,4819,0.6483,3506,5283,0.6636,0,1,0.0,48,81,0.5926,334,622,0.537,401,794,0.505,355,704,0.5043,779,1410,0.5525,1075,1606,0.6694,1340,1854,0.7228,1266,1631,0.7762,795,1051,0.7564,236,346,0.6821,810,1882,0.4304,5654,7797,0.7252,166,424,0.3915,0,0,,5453,7854,0.6943,81,179,0.4525,637,1396,0.4563,27,44,0.6136,22,40,0.55,410,590,0.6949,634,1388,0.4568,171,384,0.4453,5156,7170,0.7191,126,300,0.42,0,0,,34,123,0.2764,47,56,0.8393,0,0,,0,0,,563,1288,0.4371,74,99,0.7475,0,9,0.0,0,0,,9,22,0.4091,18,22,0.8182,0,0,,0,0,,6,18,0.3333,16,22,0.7273,0,0,,0,0,,27,47,0.5745,343,428,0.8014,40,115,0.3478,0,0,,561,1282,0.4376,73,97,0.7526,0,9,0.0,0,0,
1029,CLEBURNE,7588,11457,0.6623,3603,5538,0.6506,3985,5919,0.6733,0,0,,70,101,0.6931,437,800,0.5462,448,900,0.4978,461,847,0.5443,1079,1712,0.6303,1203,1759,0.6839,1517,2127,0.7132,1369,1790,0.7648,812,1063,0.7639,192,350,0.5486,466,941,0.4952,6838,9794,0.6982,284,722,0.3934,0,0,,6721,9991,0.6727,97,187,0.5187,154,314,0.4904,27,45,0.6,22,42,0.5238,567,878,0.6458,153,312,0.4904,235,436,0.539,6291,9057,0.6946,195,498,0.3916,0,0,,58,137,0.4234,39,48,0.8125,0,2,0.0,0,0,,123,268,0.459,31,45,0.6889,0,1,0.0,0,0,,11,25,0.44,16,20,0.8,0,0,,0,0,,5,17,0.2941,17,25,0.68,0,0,,0,0,,34,58,0.5862,444,599,0.7412,89,221,0.4027,0,0,,123,267,0.4607,30,44,0.6818,0,1,0.0,0,0,
1031,COFFEE,22054,36134,0.6103,10092,16934,0.596,11961,19197,0.6231,1,3,0.3333,221,370,0.5973,1114,2471,0.4508,1152,2955,0.3898,1138,2793,0.4074,3212,5972,0.5378,3848,6022,0.639,4127,5873,0.7027,4009,5250,0.7636,2502,3291,0.7603,728,1127,0.646,3579,7614,0.4701,17365,25148,0.6905,1110,3372,0.3292,0,0,,16623,25021,0.6644,863,2080,0.4149,2768,6104,0.4535,208,417,0.4988,202,330,0.6121,1390,2182,0.637,2733,6002,0.4553,833,1433,0.5813,15341,22371,0.6858,449,1217,0.3689,0,0,,100,211,0.4739,443,683,0.6486,320,1186,0.2698,0,0,,2524,5749,0.439,236,311,0.7588,8,44,0.1818,0,0,,16,35,0.4571,139,203,0.6847,53,179,0.2961,0,0,,20,30,0.6667,153,197,0.7766,29,103,0.2816,0,0,,86,156,0.5513,1053,1383,0.7614,251,643,0.3904,0,0,,2512,5717,0.4394,220,279,0.7885,1,6,0.1667,0,0,
1033,COLBERT,26948,42683,0.6314,12132,19757,0.6141,14812,22919,0.6463,4,7,0.5714,240,346,0.6936,1310,2703,0.4846,1645,3593,0.4578,1692,3428,0.4936,3771,6760,0.5578,3975,6233,0.6377,5255,7332,0.7167,5209,6769,0.7695,3004,4045,0.7426,844,1464,0.5765,6470,11716,0.5522,15885,19764,0.8037,4593,11203,0.41,0,0,,20673,31535,0.6556,411,870,0.4724,3737,7009,0.5332,161,276,0.5833,161,286,0.5629,1805,2707,0.6668,3702,6910,0.5357,2264,3545,0.6386,14199,17678,0.8032,4210,10312,0.4083,0,0,,285,708,0.4025,126,162,0.7778,0,0,,0,0,,3584,6798,0.5272,153,209,0.7321,0,2,0.0,0,0,,94,196,0.4796,67,80,0.8375,0,0,,0,0,,74,188,0.3936,87,98,0.8878,0,0,,0,0,,169,281,0.6014,1253,1537,0.8152,383,889,0.4308,0,0,,3559,6710,0.5304,143,198,0.7222,0,2,0.0,0,0,
1035,CONECUH,5463,9335,0.5852,2427,4398,0.5518,3036,4937,0.6149,0,0,,36,71,0.507,261,594,0.4394,247,675,0.3659,271,687,0.3945,590,1231,0.4793,810,1398,0.5794,1140,1704,0.669,1212,1665,0.7279,694,966,0.7184,200,336,0.5952,2614,5054,0.5172,2772,4077,0.6799,77,204,0.3775,0,0,,3018,4558,0.6621,42,92,0.4565,2155,4278,0.5037,10,27,0.3704,25,49,0.5102,213,331,0.6435,2139,4239,0.5046,420,670,0.6269,2546,3753,0.6784,52,135,0.3852,0,0,,18,60,0.3,24,32,0.75,0,0,,0,0,,2114,4212,0.5019,40,65,0.6154,1,1,1.0,0,0,,6,19,0.3158,4,8,0.5,0,0,,0,0,,10,29,0.3448,15,20,0.75,0,0,,0,0,,46,64,0.7188,143,199,0.7186,24,68,0.3529,0,0,,2103,4180,0.5031,35,58,0.6034,1,1,1.0,0,0,
1037,COOSA,5215,8032,0.6493,2446,3906,0.6262,2769,4126,0.6711,0,0,,34,68,0.5,195,430,0.4535,222,514,0.4319,243,545,0.4459,571,1068,0.5346,777,1218,0.6379,1144,1575,0.7263,1220,1536,0.7943,668,855,0.7813,140,221,0.6335,1324,2431,0.5446,3802,5324,0.7141,89,277,0.3213,0,0,,3634,5246,0.6927,48,89,0.5393,1243,2248,0.5529,13,22,0.5909,17,32,0.5313,260,395,0.6582,1233,2223,0.5547,140,231,0.6061,3431,4828,0.7106,63,187,0.3369,0,0,,14,47,0.2979,34,42,0.8095,0,0,,0,0,,1152,2105,0.5473,90,139,0.6475,1,4,0.25,0,0,,2,9,0.2222,11,13,0.8462,0,0,,0,0,,5,16,0.3125,12,16,0.75,0,0,,0,0,,11,23,0.4783,224,286,0.7832,25,86,0.2907,0,0,,1146,2085,0.5496,86,134,0.6418,1,4,0.25,0,0,
1039,COVINGTON,16868,27344,0.6169,7625,12763,0.5974,9243,14581,0.6339,0,0,,136,233,0.5837,859,1892,0.454,843,2011,0.4192,920,2019,0.4557,2258,4099,0.5509,2520,4049,0.6224,3147,4576,0.6877,3474,4593,0.7564,2126,2847,0.7468,584,1016,0.5748,1930,4599,0.4197,14395,21187,0.6794,543,1558,0.3485,0,0,,13986,21488,0.6509,183,374,0.4893,1356,3285,0.4128,100,200,0.5,68,138,0.4928,1175,1859,0.6321,1352,3266,0.414,547,1004,0.5448,13056,19406,0.6728,383,1078,0.3553,0,0,,93,262,0.355,90,112,0.8036,0,0,,0,0,,1176,3023,0.389,169,231,0.7316,11,31,0.3548,0,0,,35,118,0.2966,65,81,0.8025,0,1,0.0,0,0,,24,75,0.32,44,62,0.7097,0,1,0.0,0,0,,55,117,0.4701,971,1295,0.7498,149,447,0.3333,0,0,,1172,3007,0.3898,169,228,0.7412,11,31,0.3548,0,0,
1041,CRENSHAW,6392,10318,0.6195,2832,4838,0.5854,3560,5480,0.6496,0,0,,44,92,0.4783,327,703,0.4651,353,767,0.4602,387,824,0.4697,855,1614,0.5297,1017,1627,0.6251,1213,1737,0.6983,1244,1621,0.7674,755,1022,0.7387,196,308,0.6364,1471,3002,0.49,4772,6894,0.6922,149,422,0.3531,0,0,,4661,7031,0.6629,66,134,0.4925,1243,2514,0.4944,24,60,0.4,32,44,0.7273,366,535,0.6841,1236,2498,0.4948,218,398,0.5477,4339,6337,0.6847,104,296,0.3514,0,0,,39,101,0.3861,27,33,0.8182,0,0,,0,0,,1179,2419,0.4874,64,94,0.6809,0,1,0.0,0,0,,10,40,0.25,14,20,0.7,0,0,,0,0,,8,14,0.5714,24,30,0.8,0,0,,0,0,,17,30,0.5667,304,380,0.8,45,125,0.36,0,0,,1174,2405,0.4881,62,92,0.6739,0,1,0.0,0,0,
1043,CULLMAN,42908,64412,0.6661,20084,30865,0.6507,22823,33545,0.6804,1,2,0.5,377,601,0.6273,2425,4586,0.5288,2708,5337,0.5074,2847,5267,0.5405,6043,9989,0.605,6799,9904,0.6865,8010,10785,0.7427,7711,9803,0.7866,4725,6069,0.7785,1261,2061,0.6118,3171,6071,0.5223,37844,53830,0.703,1893,4511,0.4196,0,0,,38305,56684,0.6758,787,1691,0.4654,315,735,0.4286,231,393,0.5878,239,384,0.6224,3031,4525,0.6698,312,727,0.4292,2075,3365,0.6166,34806,50007,0.696,1424,3312,0.43,0,0,,491,1325,0.3706,295,364,0.8104,1,2,0.5,0,0,,272,660,0.4121,42,70,0.6,1,5,0.2,0,0,,95,236,0.4025,134,154,0.8701,2,3,0.6667,0,0,,89,194,0.4588,149,187,0.7968,1,3,0.3333,0,0,,149,291,0.512,2418,3048,0.7933,464,1186,0.3912,0,0,,270,653,0.4135,41,69,0.5942,1,5,0.2,0,0,
1045,DALE,18845,33524,0.5621,8460,15572,0.5433,10385,17952,0.5785,0,0,,137,263,0.5209,928,2317,0.4005,986,2792,0.3532,1044,2797,0.3733,2467,5557,0.4439,2869,5093,0.5633,3756,5550,0.6768,3770,5185,0.7271,2242,2959,0.7577,646,1008,0.6409,3659,8763,0.4176,14265,21760,0.6556,921,3001,0.3069,0,0,,13706,21943,0.6246,595,1559,0.3817,2998,7419,0.4041,153,312,0.4904,131,236,0.5551,1262,2055,0.6141,2955,7287,0.4055,728,1323,0.5503,12569,19411,0.6475,409,1209,0.3383,0,0,,108,217,0.4977,293,467,0.6274,194,875,0.2217,0,0,,2715,7012,0.3872,280,363,0.7713,3,44,0.0682,0,0,,21,40,0.525,96,151,0.6358,36,121,0.2975,0,0,,15,25,0.6,88,121,0.7273,28,90,0.3111,0,0,,72,146,0.4932,939,1247,0.753,251,662,0.3792,0,0,,2692,6955,0.3871,263,328,0.8018,0,4,0.0,0,0,
1047,DALLAS,15451,27968,0.5525,6235,12863,0.4847,9214,15103,0.6101,2,2,1.0,98,233,0.4206,679,1806,0.376,771,2264,0.3405,794,2197,0.3614,1923,4409,0.4362,2302,4377,0.5259,3118,4676,0.6668,3408,4633,0.7356,1807,2449,0.7379,547,902,0.6064,12671,23257,0.5448,2665,4394,0.6065,115,317,0.3628,0,0,,4711,7045,0.6687,35,105,0.3333,10268,20085,0.5112,36,90,0.4,27,83,0.3253,374,560,0.6679,10223,19966,0.512,2215,2789,0.7942,2413,4032,0.5985,83,224,0.3705,0,0,,28,95,0.2947,7,10,0.7,0,0,,0,0,,10202,19979,0.5106,63,103,0.6117,3,3,1.0,0,0,,28,78,0.359,8,12,0.6667,0,0,,0,0,,18,69,0.2609,9,14,0.6429,0,0,,0,0,,180,247,0.7287,165,223,0.7399,29,90,0.3222,0,0,,10163,19871,0.5114,57,92,0.6196,3,3,1.0,0,0,
1049,DEKALB,29373,45691,0.6429,13657,21765,0.6275,15716,23924,0.6569,0,2,0.0,260,457,0.5689,1885,3822,0.4932,1846,3957,0.4665,1871,3620,0.5169,3931,6499,0.6049,4594,6969,0.6592,5601,7756,0.7222,5359,7047,0.7605,3280,4349,0.7542,744,1209,0.6154,3258,6967,0.4676,21049,26144,0.8051,5066,12580,0.4027,0,0,,25495,37926,0.6722,1076,2981,0.361,359,849,0.4229,100,214,0.4673,296,468,0.6325,2047,3253,0.6293,358,844,0.4242,1816,2886,0.6292,18965,23492,0.8073,4714,11548,0.4082,0,0,,865,2706,0.3197,211,274,0.7701,0,1,0.0,0,0,,281,741,0.3792,78,106,0.7358,0,2,0.0,0,0,,46,142,0.3239,54,72,0.75,0,0,,0,0,,88,225,0.3911,207,240,0.8625,1,3,0.3333,0,0,,162,267,0.6067,1534,1960,0.7827,351,1026,0.3421,0,0,,280,736,0.3804,78,106,0.7358,0,2,0.0,0,0,
1051,ELMORE,41422,60654,0.6829,18525,28158,0.6579,22897,32495,0.7046,0,1,0.0,367,595,0.6168,2219,4407,0.5035,2291,4741,0.4832,2459,4763,0.5163,6055,9684,0.6253,6684,9485,0.7047,8199,10641,0.7705,7864,9525,0.8256,4234,5239,0.8082,1047,1559,0.6716,8238,14294,0.5763,31513,42500,0.7415,1671,3860,0.4329,0,0,,30977,43027,0.7199,690,1263,0.5463,6690,11841,0.565,195,342,0.5702,197,326,0.6043,2673,3855,0.6934,6639,11728,0.5661,1504,2356,0.6384,28542,38636,0.7387,931,2035,0.4575,0,0,,103,162,0.6358,386,536,0.7201,201,565,0.3558,0,0,,6433,11461,0.5613,235,312,0.7532,22,68,0.3235,0,0,,16,30,0.5333,140,188,0.7447,39,124,0.3145,0,0,,20,32,0.625,149,198,0.7525,28,96,0.2917,0,0,,162,253,0.6403,2061,2630,0.7837,450,972,0.463,0,0,,6412,11421,0.5614,218,283,0.7703,9,24,0.375,0,0,
1053,ESCAMBIA,14730,26457,0.5568,6370,12123,0.5254,8360,14332,0.5833,0,2,0.0,116,254,0.4567,728,1785,0.4078,815,2155,0.3782,822,2183,0.3765,1936,3924,0.4934,2290,4110,0.5572,2755,4321,0.6376,2909,4103,0.709,1796,2584,0.695,562,1030,0.5456,4111,9436,0.4357,10094,15711,0.6425,525,1310,0.4008,0,0,,10207,16553,0.6166,171,375,0.456,3249,7613,0.4268,46,102,0.451,354,618,0.5728,703,1196,0.5878,3231,7558,0.4275,584,1095,0.5333,9251,14554,0.6356,372,904,0.4115,0,0,,121,306,0.3954,50,68,0.7353,0,1,0.0,0,0,,3148,7460,0.422,99,149,0.6644,2,4,0.5,0,0,,19,70,0.2714,27,32,0.8438,0,0,,0,0,,167,383,0.436,186,233,0.7983,1,2,0.5,0,0,,72,122,0.5902,481,675,0.7126,150,399,0.3759,0,0,,3131,7408,0.4227,98,146,0.6712,2,4,0.5,0,0,
1055,ETOWAH,45440,74325,0.6114,20396,34483,0.5915,25043,39836,0.6287,1,6,0.1667,414,702,0.5897,2517,5116,0.492,2648,5999,0.4414,2595,5887,0.4408,5829,11042,0.5279,7261,11692,0.621,8608,12452,0.6913,8645,11574,0.7469,5552,7438,0.7464,1366,2394,0.5706,8324,16878,0.4932,30084,39629,0.7591,7032,17818,0.3947,0,0,,36019,55489,0.6491,733,1863,0.3935,5331,11414,0.4671,300,551,0.5445,261,522,0.5,2796,4486,0.6233,5289,11277,0.469,2811,4622,0.6082,26741,34570,0.7735,6467,16297,0.3968,0,0,,471,1504,0.3132,260,356,0.7303,2,3,0.6667,0,0,,4565,9740,0.4687,725,1572,0.4612,41,102,0.402,0,0,,139,333,0.4174,157,206,0.7621,4,12,0.3333,0,0,,131,327,0.4006,130,194,0.6701,0,1,0.0,0,0,,207,352,0.5881,2071,2731,0.7583,518,1403,0.3692,0,0,,4531,9619,0.471,718,1558,0.4608,40,100,0.4,0,0,
1057,FAYETTE,8276,12377,0.6687,3873,5934,0.6527,4403,6443,0.6834,0,0,,93,120,0.775,454,826,0.5496,475,988,0.4808,462,928,0.4978,1115,1830,0.6093,1269,1848,0.6867,1529,2103,0.7271,1574,1978,0.7958,1011,1291,0.7831,292,460,0.6348,947,1960,0.4832,7126,9855,0.7231,203,562,0.3612,0,0,,6890,9948,0.6926,77,154,0.5,755,1445,0.5225,25,44,0.5682,38,56,0.6786,491,730,0.6726,753,1435,0.5247,261,503,0.5189,6479,9047,0.7161,150,398,0.3769,0,0,,27,89,0.3034,50,65,0.7692,0,0,,0,0,,622,1276,0.4875,133,169,0.787,0,0,,0,0,,6,20,0.3,19,24,0.7917,0,0,,0,0,,11,26,0.4231,27,30,0.9,0,0,,0,0,,20,46,0.4348,418,520,0.8038,53,164,0.3232,0,0,,621,1267,0.4901,132,168,0.7857,0,0,,0,0,
1059,FRANKLIN,11992,19011,0.6308,5572,9001,0.619,6420,10010,0.6414,0,0,,108,191,0.5654,745,1524,0.4888,738,1557,0.474,715,1464,0.4884,1586,2807,0.565,1863,2898,0.6429,2305,3223,0.7152,2217,2951,0.7513,1353,1795,0.7538,362,598,0.6054,1535,3408,0.4504,8509,10366,0.8209,1948,5237,0.372,0,0,,10086,15326,0.6581,568,1454,0.3906,378,778,0.4859,32,55,0.5818,40,74,0.5405,888,1324,0.6707,376,769,0.4889,662,1194,0.5544,7624,9287,0.8209,1800,4845,0.3715,0,0,,445,1300,0.3423,123,154,0.7987,0,0,,0,0,,339,729,0.465,39,49,0.7959,0,0,,0,0,,13,33,0.3939,19,22,0.8636,0,0,,0,0,,14,41,0.3415,26,33,0.7879,0,0,,0,0,,62,111,0.5586,678,821,0.8258,148,392,0.3776,0,0,,337,720,0.4681,39,49,0.7959,0,0,,0,0,
1061,GENEVA,12192,19429,0.6275,5670,9268,0.6118,6522,10160,0.6419,0,1,0.0,106,199,0.5327,647,1336,0.4843,635,1487,0.427,656,1356,0.4838,1615,2933,0.5506,1882,2973,0.633,2347,3400,0.6903,2339,3099,0.7548,1527,1972,0.7743,437,665,0.6571,1165,2855,0.4081,10670,15572,0.6852,357,1002,0.3563,0,0,,10277,15708,0.6543,252,608,0.4145,748,1726,0.4334,49,80,0.6125,81,138,0.587,785,1169,0.6715,746,1711,0.436,322,649,0.4961,9704,14351,0.6762,251,708,0.3545,0,0,,135,463,0.2916,117,145,0.8069,0,0,,0,0,,641,1582,0.4052,107,144,0.7431,0,0,,0,0,,25,51,0.4902,24,29,0.8276,0,0,,0,0,,18,62,0.2903,63,76,0.8289,0,0,,0,0,,24,48,0.5,655,827,0.792,106,294,0.3605,0,0,,639,1570,0.407,107,141,0.7589,0,0,,0,0,
1063,GREENE,3968,6328,0.6271,1660,2990,0.5552,2308,3338,0.6914,0,0,,31,65,0.4769,145,377,0.3846,199,463,0.4298,188,494,0.3806,475,984,0.4827,597,977,0.6111,747,1008,0.7411,971,1167,0.832,460,571,0.8056,154,218,0.7064,3363,5461,0.6158,584,833,0.7011,21,34,0.6176,0,0,,750,1030,0.7282,16,26,0.6154,3117,5141,0.6063,3,5,0.6,10,26,0.3846,72,100,0.72,3105,5110,0.6076,236,291,0.811,501,720,0.6958,13,19,0.6842,0,0,,13,22,0.5909,3,4,0.75,0,0,,0,0,,3077,5086,0.605,40,55,0.7273,0,0,,0,0,,2,4,0.5,1,1,1.0,0,0,,0,0,,7,23,0.3043,3,3,1.0,0,0,,0,0,,28,35,0.8,36,50,0.72,8,15,0.5333,0,0,,3066,5056,0.6064,39,54,0.7222,0,0,,0,0,
1065,HALE,7276,11693,0.6223,3092,5378,0.5749,4184,6312,0.6629,0,3,0.0,59,85,0.6941,346,728,0.4753,384,944,0.4068,427,995,0.4291,977,1891,0.5167,1155,1811,0.6378,1446,1967,0.7351,1508,1927,0.7826,758,980,0.7735,216,349,0.6189,4705,7993,0.5886,2443,3410,0.7164,128,290,0.4414,0,0,,3131,4292,0.7295,32,69,0.4638,3790,6833,0.5547,15,25,0.6,11,29,0.3793,297,445,0.6674,3767,6774,0.5561,853,1023,0.8338,2192,3086,0.7103,86,183,0.4699,0,0,,19,54,0.3519,13,15,0.8667,0,0,,0,0,,3754,6780,0.5537,35,51,0.6863,1,2,0.5,0,0,,10,18,0.5556,5,7,0.7143,0,0,,0,0,,4,22,0.1818,7,7,1.0,0,0,,0,0,,65,96,0.6771,191,244,0.7828,41,105,0.3905,0,0,,3735,6727,0.5552,32,46,0.6957,0,1,0.0,0,0,
1067,HENRY,9191,14099,0.6519,4180,6701,0.6238,5010,7397,0.6773,1,1,1.0,94,147,0.6395,412,896,0.4598,432,959,0.4505,455,966,0.471,1177,2038,0.5775,1488,2295,0.6484,1754,2372,0.7395,1867,2399,0.7782,1245,1593,0.7815,266,428,0.6215,2071,4046,0.5119,6832,9360,0.7299,288,693,0.4156,0,0,,6581,9301,0.7076,109,211,0.5166,1836,3627,0.5062,37,74,0.5,44,67,0.6567,584,819,0.7131,1820,3586,0.5075,257,443,0.5801,6174,8509,0.7256,150,349,0.4298,0,0,,14,26,0.5385,72,107,0.6729,23,78,0.2949,0,0,,1766,3519,0.5018,67,94,0.7128,3,14,0.2143,0,0,,0,1,0.0,33,41,0.8049,4,32,0.125,0,0,,5,8,0.625,33,43,0.7674,6,16,0.375,0,0,,29,49,0.5918,453,566,0.8004,102,204,0.5,0,0,,1761,3502,0.5029,59,82,0.7195,0,2,0.0,0,0,
1069,HOUSTON,44031,75865,0.5804,19424,34735,0.5592,24606,41126,0.5983,1,4,0.25,331,595,0.5563,2032,5116,0.3972,2227,6124,0.3637,2429,6065,0.4005,5937,12089,0.4911,7028,11928,0.5892,8416,12396,0.6789,8651,11643,0.743,5433,7280,0.7463,1543,2586,0.5967,9460,22825,0.4145,32702,47817,0.6839,1869,5223,0.3578,0,0,,31921,48503,0.6581,969,2033,0.4766,7746,19762,0.392,350,713,0.4909,274,515,0.532,2771,4339,0.6386,7665,19481,0.3935,1751,3031,0.5777,29278,43112,0.6791,892,2360,0.378,0,0,,149,273,0.5458,490,741,0.6613,330,1019,0.3238,0,0,,7277,19016,0.3827,444,607,0.7315,25,139,0.1799,0,0,,55,104,0.5288,198,296,0.6689,97,313,0.3099,0,0,,25,58,0.431,193,254,0.7598,56,203,0.2759,0,0,,203,343,0.5918,2099,2807,0.7478,469,1189,0.3944,0,0,,7237,18916,0.3826,420,545,0.7706,8,20,0.4,0,0,
1071,JACKSON,23355,38690,0.6036,11028,18555,0.5943,12327,20134,0.6122,0,1,0.0,173,301,0.5748,1309,2610,0.5015,1336,3060,0.4366,1343,2890,0.4647,3034,5569,0.5448,3837,6216,0.6173,4448,6647,0.6692,4504,6290,0.7161,2735,3864,0.7078,633,1232,0.5138,2729,5449,0.5008,15971,20743,0.7699,4655,12498,0.3725,0,0,,20558,33528,0.6132,306,748,0.4091,574,1300,0.4415,106,201,0.5274,229,380,0.6026,1582,2533,0.6246,571,1292,0.442,1757,3075,0.5714,14540,18915,0.7687,4261,11538,0.3693,0,0,,192,591,0.3249,113,156,0.7244,1,1,1.0,0,0,,493,1189,0.4146,80,109,0.7339,1,2,0.5,0,0,,58,136,0.4265,48,65,0.7385,0,0,,0,0,,83,203,0.4089,146,177,0.8249,0,0,,0,0,,146,255,0.5725,1044,1321,0.7903,392,957,0.4096,0,0,,490,1181,0.4149,80,109,0.7339,1,2,0.5,0,0,
1073,JEFFERSON,295760,468153,0.6318,123130,210376,0.5853,172621,257750,0.6697,9,27,0.3333,2607,4591,0.5679,16093,32974,0.4881,20522,43193,0.4751,21912,44042,0.4975,47039,81887,0.5744,46828,71187,0.6578,50876,70357,0.7231,52003,67642,0.7688,29228,38279,0.7636,8624,13916,0.6197,148714,255718,0.5816,138651,196000,0.7074,8395,16435,0.5108,0,0,,154064,220022,0.7002,4821,10125,0.4761,115504,204323,0.5653,2789,5361,0.5202,2398,4813,0.4982,16184,23509,0.6884,114368,202035,0.5661,24371,32449,0.7511,124090,177015,0.701,5603,10558,0.5307,0,0,,3676,8682,0.4234,1137,1426,0.7973,8,17,0.4706,0,0,,113422,201498,0.5629,2066,2782,0.7426,16,43,0.3721,0,0,,2098,4448,0.4717,691,913,0.7568,0,0,,0,0,,1616,3762,0.4296,777,1041,0.7464,5,10,0.5,0,0,,3531,4879,0.7237,9890,12823,0.7713,2763,5807,0.4758,0,0,,112395,199362,0.5638,1957,2632,0.7435,16,41,0.3902,0,0,
1075,LAMAR,6851,10521,0.6512,3202,5001,0.6403,3649,5520,0.6611,0,0,,74,118,0.6271,404,745,0.5423,359,779,0.4608,355,705,0.5035,847,1484,0.5708,1078,1657,0.6506,1291,1838,0.7024,1340,1695,0.7906,848,1097,0.773,255,401,0.6359,798,1698,0.47,5837,8273,0.7055,216,550,0.3927,0,0,,5829,8597,0.678,34,108,0.3148,553,1173,0.4714,26,38,0.6842,15,29,0.5172,394,576,0.684,550,1167,0.4713,256,473,0.5412,5420,7711,0.7029,153,413,0.3705,0,0,,16,81,0.1975,18,27,0.6667,0,0,,0,0,,491,1076,0.4563,62,97,0.6392,0,0,,0,0,,8,17,0.4706,17,20,0.85,1,1,1.0,0,0,,6,16,0.375,9,13,0.6923,0,0,,0,0,,21,35,0.6,311,405,0.7679,62,136,0.4559,0,0,,489,1071,0.4566,61,96,0.6354,0,0,,0,0,
1077,LAUDERDALE,41811,67099,0.6231,18963,31303,0.6058,22848,35794,0.6383,0,2,0.0,396,636,0.6226,2397,4685,0.5116,2621,5773,0.454,2668,5570,0.479,5549,10038,0.5528,5913,9338,0.6332,7772,11048,0.7035,8149,10841,0.7517,4969,6775,0.7334,1376,2374,0.5796,7900,14612,0.5407,25926,33640,0.7707,7985,18847,0.4237,0,0,,34852,54128,0.6439,635,1335,0.4757,3038,6312,0.4813,212,426,0.4977,303,506,0.5988,2771,4392,0.6309,3024,6256,0.4834,3997,6340,0.6304,23479,30452,0.771,7376,17336,0.4255,0,0,,393,1019,0.3857,239,311,0.7685,3,5,0.6,0,0,,2860,6052,0.4726,175,254,0.689,3,6,0.5,0,0,,121,305,0.3967,91,120,0.7583,0,1,0.0,0,0,,142,315,0.4508,160,190,0.8421,1,1,1.0,0,0,,387,581,0.6661,1782,2313,0.7704,602,1498,0.4019,0,0,,2847,5999,0.4746,174,251,0.6932,3,6,0.5,0,0,
1079,LAWRENCE,15918,25126,0.6335,7459,11932,0.6251,8459,13194,0.6411,0,0,,132,212,0.6226,908,1694,0.536,1050,1978,0.5308,992,1970,0.5036,2137,3755,0.5691,2499,3843,0.6503,3377,4772,0.7077,2745,3796,0.7231,1680,2351,0.7146,396,739,0.5359,2930,5275,0.5555,10129,12730,0.7957,2859,7121,0.4015,0,0,,12902,19961,0.6464,208,481,0.4324,1624,2846,0.5706,65,103,0.6311,315,476,0.6618,804,1259,0.6386,1614,2820,0.5723,1021,1732,0.5895,9190,11564,0.7947,2691,6665,0.4038,0,0,,140,388,0.3608,68,93,0.7312,0,0,,0,0,,1580,2783,0.5677,44,62,0.7097,0,1,0.0,0,0,,24,54,0.4444,41,49,0.8367,0,0,,0,0,,101,224,0.4509,211,247,0.8543,3,5,0.6,0,0,,64,94,0.6809,575,715,0.8042,165,450,0.3667,0,0,,1571,2758,0.5696,43,61,0.7049,0,1,0.0,0,0,
1081,LEE,73003,121213,0.6023,32326,56998,0.5671,40673,64197,0.6336,4,18,0.2222,952,1391,0.6844,6326,11418,0.554,5422,13318,0.4071,4862,11477,0.4236,11497,21270,0.5405,11864,18460,0.6427,12576,17664,0.712,11311,14711,0.7689,6522,8558,0.7621,1663,2852,0.5831,21933,42354,0.5178,46227,68524,0.6746,4843,10335,0.4686,0,0,,50722,78411,0.6469,1629,3441,0.4734,14333,28545,0.5021,963,2268,0.4246,552,999,0.5526,4804,7549,0.6364,14162,28154,0.503,5241,8110,0.6462,41874,62754,0.6673,3607,7547,0.4779,0,0,,1194,2885,0.4139,433,552,0.7844,2,4,0.5,0,0,,13719,27596,0.4971,601,921,0.6526,13,28,0.4643,0,0,,712,1947,0.3657,250,319,0.7837,1,2,0.5,0,0,,367,770,0.4766,184,227,0.8106,1,2,0.5,0,0,,700,1046,0.6692,2885,3751,0.7691,1219,2752,0.443,0,0,,13579,27253,0.4983,570,873,0.6529,13,28,0.4643,0,0,
1083,LIMESTONE,53377,79152,0.6744,24732,37621,0.6574,28644,41530,0.6897,1,1,1.0,512,801,0.6392,3005,5857,0.5131,3557,6944,0.5122,3883,6861,0.566,8473,13458,0.6296,9136,12922,0.707,10307,13572,0.7594,8545,10727,0.7966,4769,6121,0.7791,1187,1873,0.6337,12475,20849,0.5984,31559,39013,0.8089,9343,19290,0.4843,0,0,,39849,57384,0.6944,1621,3185,0.5089,7009,11203,0.6256,701,1273,0.5507,448,755,0.5934,3749,5352,0.7005,6920,11054,0.626,3687,5534,0.6662,27659,34220,0.8083,8503,17630,0.4823,0,0,,1143,2605,0.4388,477,579,0.8238,1,1,1.0,0,0,,6479,10539,0.6148,526,658,0.7994,4,6,0.6667,0,0,,499,1034,0.4826,196,232,0.8448,6,7,0.8571,0,0,,254,515,0.4932,194,240,0.8083,0,0,,0,0,,413,622,0.664,2507,3084,0.8129,829,1646,0.5036,0,0,,6403,10409,0.6151,513,639,0.8028,4,6,0.6667,0,0,
1085,LOWNDES,5450,8942,0.6095,2329,4256,0.5472,3121,4686,0.666,0,0,,40,77,0.5195,220,528,0.4167,258,662,0.3897,265,630,0.4206,666,1363,0.4886,833,1368,0.6089,1157,1663,0.6957,1224,1575,0.7771,604,767,0.7875,182,290,0.6276,4159,7131,0.5832,1239,1698,0.7297,52,113,0.4602,0,0,,1564,2115,0.7395,20,45,0.4444,3692,6556,0.5631,16,18,0.8889,11,16,0.6875,147,192,0.7656,3679,6522,0.5641,433,528,0.8201,1113,1545,0.7204,18,42,0.4286,0,0,,5,17,0.2941,12,14,0.8571,3,14,0.2143,0,0,,3662,6507,0.5628,28,37,0.7568,2,12,0.1667,0,0,,4,6,0.6667,4,4,1.0,8,8,1.0,0,0,,3,5,0.6,4,5,0.8,4,6,0.6667,0,0,,52,68,0.7647,78,93,0.8387,17,31,0.5484,0,0,,3655,6490,0.5632,24,32,0.75,0,0,,0,0,
1087,MACON,7777,16031,0.4851,3079,7089,0.4343,4697,8936,0.5256,1,6,0.1667,106,170,0.6235,418,1009,0.4143,390,1547,0.2521,405,1767,0.2292,859,3009,0.2855,1049,2196,0.4777,1533,2239,0.6847,1700,2254,0.7542,1026,1369,0.7495,290,466,0.6223,6269,13613,0.4605,1391,2079,0.6691,117,339,0.3451,0,0,,1532,2297,0.667,41,113,0.3628,6029,13365,0.4511,10,25,0.4,23,41,0.561,142,190,0.7474,5976,13173,0.4537,283,368,0.769,1195,1812,0.6595,54,117,0.4615,0,0,,7,21,0.3333,15,22,0.6818,19,70,0.2714,0,0,,5935,13158,0.4511,79,124,0.6371,15,83,0.1807,0,0,,3,9,0.3333,5,7,0.7143,2,9,0.2222,0,0,,9,15,0.6,12,15,0.8,2,11,0.1818,0,0,,32,42,0.7619,85,99,0.8586,25,49,0.5102,0,0,,5901,13056,0.452,75,117,0.641,0,0,,0,0,
1089,MADISON,196326,307892,0.6376,90035,146313,0.6154,106276,161544,0.6579,15,35,0.4286,2072,3265,0.6346,11649,23879,0.4878,14575,31086,0.4689,15050,29533,0.5096,31488,53765,0.5857,29865,44717,0.6679,37066,49735,0.7453,31749,40752,0.7791,17197,22230,0.7736,5594,8837,0.633,69415,124044,0.5596,118797,167709,0.7084,8114,16139,0.5028,0,0,,127810,184648,0.6922,6403,11792,0.543,42446,81270,0.5223,3198,5696,0.5614,2344,4035,0.5809,14125,20451,0.6907,41789,79720,0.5242,18221,24763,0.7358,104347,149460,0.6982,5242,10425,0.5028,0,0,,4414,9394,0.4699,1979,2380,0.8315,10,18,0.5556,0,0,,40803,79210,0.5151,1626,2028,0.8018,17,32,0.5313,0,0,,2089,4310,0.4847,1100,1366,0.8053,9,20,0.45,0,0,,1337,2794,0.4785,1001,1230,0.8138,6,11,0.5455,0,0,,2551,3573,0.714,8744,11245,0.7776,2830,5633,0.5024,0,0,,40218,77757,0.5172,1554,1931,0.8048,17,32,0.5313,0,0,
1091,MARENGO,9589,14964,0.6408,4077,6862,0.5941,5512,8102,0.6803,0,0,,82,136,0.6029,460,980,0.4694,458,1079,0.4245,539,1198,0.4499,1194,2182,0.5472,1505,2357,0.6385,1893,2604,0.727,2014,2505,0.804,1104,1403,0.7869,339,509,0.666,6804,10696,0.6361,2639,3888,0.6788,146,380,0.3842,0,0,,4639,6196,0.7487,83,134,0.6194,4428,7994,0.5539,27,49,0.551,20,46,0.4348,392,545,0.7193,4415,7959,0.5547,2186,2492,0.8772,2371,3516,0.6743,82,188,0.4362,0,0,,34,41,0.8293,30,38,0.7895,19,55,0.3455,0,0,,4384,7918,0.5537,43,67,0.6418,1,9,0.1111,0,0,,11,15,0.7333,11,15,0.7333,5,19,0.2632,0,0,,4,8,0.5,13,19,0.6842,3,19,0.1579,0,0,,185,222,0.8333,171,233,0.7339,36,90,0.4,0,0,,4376,7899,0.554,39,60,0.65,0,0,,0,0,
1093,MARION,13402,21299,0.6292,6260,10162,0.616,7142,11137,0.6413,0,0,,134,190,0.7053,775,1532,0.5059,746,1645,0.4535,767,1602,0.4788,1739,3149,0.5522,2102,3287,0.6395,2573,3711,0.6933,2479,3267,0.7588,1617,2117,0.7638,468,790,0.5924,972,2199,0.442,10201,12789,0.7976,2229,6311,0.3532,0,0,,12066,18708,0.645,185,425,0.4353,281,741,0.3792,48,88,0.5455,52,90,0.5778,770,1247,0.6175,280,739,0.3789,567,1030,0.5505,9425,11801,0.7987,2074,5877,0.3529,0,0,,103,328,0.314,82,97,0.8454,0,0,,0,0,,227,663,0.3424,54,78,0.6923,0,0,,0,0,,20,55,0.3636,28,33,0.8485,0,0,,0,0,,16,43,0.3721,36,45,0.8,0,2,0.0,0,0,,39,80,0.4875,576,735,0.7837,155,432,0.3588,0,0,,226,661,0.3419,54,78,0.6923,0,0,,0,0,
1095,MARSHALL,40041,64615,0.6197,18589,30678,0.6059,21452,33934,0.6322,0,3,0.0,358,605,0.5917,2294,4894,0.4687,2429,5271,0.4608,2500,5196,0.4811,5385,9725,0.5537,5945,9426,0.6307,7864,11116,0.7074,7503,10086,0.7439,4585,6175,0.7425,1175,2075,0.5663,4632,10084,0.4593,27717,34848,0.7954,7692,19683,0.3908,0,0,,34817,53827,0.6468,1401,3960,0.3538,477,1344,0.3549,246,449,0.5479,255,436,0.5849,2845,4599,0.6186,474,1329,0.3567,2643,4297,0.6151,25109,31533,0.7963,7065,17997,0.3926,0,0,,1114,3587,0.3106,283,366,0.7732,4,7,0.5714,0,0,,428,1258,0.3402,49,85,0.5765,0,1,0.0,0,0,,146,329,0.4438,99,119,0.8319,1,1,1.0,0,0,,110,270,0.4074,145,165,0.8788,0,1,0.0,0,0,,191,343,0.5569,2032,2580,0.7876,622,1676,0.3711,0,0,,425,1243,0.3419,49,85,0.5765,0,1,0.0,0,0,
1097,MOBILE,174434,298948,0.5835,74287,136380,0.5447,100133,162530,0.6161,14,38,0.3684,1358,2598,0.5227,9325,20273,0.46,10899,26586,0.41,11079,26114,0.4243,25383,50745,0.5002,27317,47424,0.576,31910,47510,0.6716,32934,44056,0.7475,18893,24946,0.7574,5325,8531,0.6242,69222,135518,0.5108,99559,149642,0.6653,5653,13788,0.41,0,0,,101637,158888,0.6397,3282,6791,0.4833,55828,109106,0.5117,1685,4041,0.417,1520,3152,0.4822,10482,16970,0.6177,55420,108111,0.5126,9619,15419,0.6238,88212,134596,0.6554,3806,8873,0.4289,0,0,,2023,5232,0.3867,1255,1549,0.8102,4,10,0.4,0,0,,54306,107109,0.507,1515,1982,0.7644,7,15,0.4667,0,0,,1085,3225,0.3364,598,812,0.7365,2,4,0.5,0,0,,862,2294,0.3758,653,845,0.7728,5,13,0.3846,0,0,,1327,2239,0.5927,7326,9858,0.7432,1829,4873,0.3753,0,0,,53967,106210,0.5081,1448,1889,0.7665,5,12,0.4167,0,0,
1099,MONROE,9691,15471,0.6264,4255,7230,0.5885,5436,8241,0.6596,0,0,,83,133,0.6241,510,1110,0.4595,543,1340,0.4052,530,1217,0.4355,1114,2202,0.5059,1480,2380,0.6218,1894,2569,0.7373,2041,2549,0.8007,1179,1499,0.7865,315,469,0.6716,3969,7413,0.5354,5481,7464,0.7343,241,594,0.4057,0,0,,5619,7910,0.7104,63,119,0.5294,3515,6725,0.5227,30,57,0.5263,72,119,0.605,392,541,0.7246,3498,6691,0.5228,445,680,0.6544,5018,6874,0.73,156,356,0.4382,0,0,,8,16,0.5,42,56,0.75,13,47,0.2766,0,0,,3465,6641,0.5218,46,69,0.6667,4,15,0.2667,0,0,,2,7,0.2857,14,21,0.6667,14,29,0.4828,0,0,,8,15,0.5333,49,64,0.7656,15,40,0.375,0,0,,41,54,0.7593,312,380,0.8211,39,107,0.3645,0,0,,3459,6630,0.5217,39,60,0.65,0,1,0.0,0,0,
1101,MONTGOMERY,88797,151931,0.5845,34981,66198,0.5284,53813,85712,0.6278,3,21,0.1429,780,1558,0.5006,4875,11265,0.4328,5140,14197,0.362,5403,13847,0.3902,12930,26251,0.4926,14355,23307,0.6159,16615,23345,0.7117,16505,21587,0.7646,9438,12122,0.7786,2740,4358,0.6287,57580,107281,0.5367,30146,42048,0.7169,1071,2602,0.4116,0,0,,31375,45094,0.6958,1219,2694,0.4525,51597,96234,0.5362,981,2374,0.4132,464,908,0.511,3161,4627,0.6832,51125,95158,0.5373,4465,6434,0.694,26251,37098,0.7076,659,1562,0.4219,0,0,,865,2255,0.3836,353,438,0.8059,1,1,1.0,0,0,,50612,94972,0.5329,965,1218,0.7923,20,44,0.4545,0,0,,725,2030,0.3571,255,343,0.7434,1,1,1.0,0,0,,305,709,0.4302,157,194,0.8093,2,5,0.4,0,0,,608,881,0.6901,2165,2757,0.7853,388,989,0.3923,0,0,,50188,93958,0.5342,917,1157,0.7926,20,43,0.4651,0,0,
1103,MORGAN,53211,84152,0.6323,24238,39433,0.6147,28972,44718,0.6479,1,1,1.0,464,730,0.6356,2877,6094,0.4721,3033,6816,0.445,3135,6738,0.4653,7255,13012,0.5576,8313,12714,0.6538,10533,14542,0.7243,9940,12928,0.7689,5997,7845,0.7644,1661,2718,0.6111,10371,20555,0.5045,34585,43411,0.7967,8255,20186,0.4089,0,0,,42279,63218,0.6688,1531,3566,0.4293,5189,10817,0.4797,332,587,0.5656,404,741,0.5452,3476,5223,0.6655,5156,10726,0.4807,3633,5718,0.6354,31102,38993,0.7976,7544,18507,0.4076,0,0,,1118,3045,0.3672,404,501,0.8064,9,20,0.45,0,0,,4936,10427,0.4734,235,345,0.6812,18,45,0.4,0,0,,142,350,0.4057,190,235,0.8085,0,2,0.0,0,0,,188,471,0.3992,216,266,0.812,0,4,0.0,0,0,,354,544,0.6507,2438,3071,0.7939,684,1608,0.4254,0,0,,4907,10345,0.4743,231,336,0.6875,18,45,0.4,0,0,
1105,PERRY,4439,7335,0.6052,1841,3469,0.5307,2598,3865,0.6722,0,1,0.0,32,51,0.6275,234,512,0.457,210,597,0.3518,231,564,0.4096,480,1075,0.4465,740,1198,0.6177,854,1199,0.7123,941,1196,0.7868,536,676,0.7929,181,266,0.6805,3453,5802,0.5951,941,1412,0.6664,45,121,0.3719,0,0,,1164,1732,0.6721,9,25,0.36,3127,5356,0.5838,4,12,0.3333,6,20,0.3,129,190,0.6789,3121,5337,0.5848,296,384,0.7708,840,1274,0.6593,28,74,0.3784,0,0,,7,23,0.3043,2,2,1.0,0,0,,0,0,,3112,5329,0.584,15,27,0.5556,0,0,,0,0,,3,11,0.2727,1,1,1.0,0,0,,0,0,,4,16,0.25,2,4,0.5,0,0,,0,0,,31,39,0.7949,81,104,0.7788,17,47,0.3617,0,0,,3106,5310,0.5849,15,27,0.5556,0,0,,0,0,
1107,PICKENS,8761,13361,0.6557,3806,6158,0.6181,4954,7201,0.688,1,2,0.5,66,119,0.5546,448,895,0.5006,483,997,0.4845,439,921,0.4767,1170,2019,0.5795,1313,1998,0.6572,1730,2347,0.7371,1769,2244,0.7883,1007,1295,0.7776,333,518,0.6429,3273,5924,0.5525,5325,7004,0.7603,163,433,0.3764,0,0,,5132,6962,0.7371,53,104,0.5096,3184,5747,0.554,37,60,0.6167,21,38,0.5526,334,450,0.7422,3166,5714,0.5541,196,343,0.5714,4828,6382,0.7565,108,237,0.4557,0,0,,8,13,0.6154,31,40,0.775,14,51,0.2745,0,0,,3039,5529,0.5496,138,196,0.7041,7,22,0.3182,0,0,,4,5,0.8,28,34,0.8235,5,21,0.2381,0,0,,0,1,0.0,19,23,0.8261,2,14,0.1429,0,0,,26,33,0.7879,281,329,0.8541,27,88,0.3068,0,0,,3027,5511,0.5493,134,190,0.7053,5,13,0.3846,0,0,
1109,PIKE,13107,22847,0.5737,5659,10546,0.5366,7448,12298,0.6056,0,3,0.0,126,209,0.6029,1004,2013,0.4988,854,2284,0.3739,827,2160,0.3829,1843,3785,0.4869,2001,3332,0.6005,2312,3395,0.681,2293,3100,0.7397,1426,1870,0.7626,421,685,0.6146,4801,10372,0.4629,7740,11185,0.692,566,1290,0.4388,0,0,,7986,12176,0.6559,135,340,0.3971,4162,9026,0.4611,94,204,0.4608,69,128,0.5391,661,973,0.6793,4132,8949,0.4617,510,870,0.5862,7028,10319,0.6811,448,987,0.4539,0,0,,91,284,0.3204,44,55,0.8,0,1,0.0,0,0,,4063,8884,0.4573,95,134,0.709,4,8,0.5,0,0,,51,153,0.3333,43,50,0.86,0,1,0.0,0,0,,33,85,0.3882,36,42,0.8571,0,1,0.0,0,0,,53,96,0.5521,494,585,0.8444,114,292,0.3904,0,0,,4038,8818,0.4579,90,123,0.7317,4,8,0.5,0,0,
1111,RANDOLPH,11013,17962,0.6131,5017,8399,0.5973,5995,9562,0.627,1,1,1.0,108,180,0.6,541,1092,0.4954,609,1444,0.4217,607,1341,0.4526,1253,2510,0.4992,1677,2755,0.6087,2335,3295,0.7086,2244,2993,0.7497,1303,1768,0.737,336,579,0.5803,1766,4113,0.4294,8866,12863,0.6893,381,986,0.3864,0,0,,8622,13075,0.6594,121,263,0.4601,1362,3249,0.4192,50,90,0.5556,41,67,0.6119,817,1218,0.6708,1361,3237,0.4205,335,649,0.5162,8040,11780,0.6825,247,646,0.3824,0,0,,71,197,0.3604,50,65,0.7692,0,1,0.0,0,0,,1276,3093,0.4125,80,144,0.5556,6,12,0.5,0,0,,24,62,0.3871,26,27,0.963,0,1,0.0,0,0,,24,43,0.5581,17,24,0.7083,0,0,,0,0,,36,69,0.5217,653,823,0.7934,128,326,0.3926,0,0,,1275,3082,0.4137,80,143,0.5594,6,12,0.5,0,0,
1113,RUSSELL,20434,40531,0.5042,8633,18242,0.4732,11801,22286,0.5295,0,3,0.0,152,319,0.4765,954,2657,0.3591,1112,3556,0.3127,1276,3789,0.3368,2911,7088,0.4107,3391,6473,0.5239,4166,6740,0.6181,3938,5752,0.6846,1981,3009,0.6584,553,1132,0.4885,10666,22935,0.4651,9129,15791,0.5781,639,1805,0.354,0,0,,9581,17363,0.5518,579,1520,0.3809,9156,19531,0.4688,79,175,0.4514,90,197,0.4569,949,1745,0.5438,9021,19219,0.4694,1031,1914,0.5387,8193,14363,0.5704,357,1086,0.3287,0,0,,465,1370,0.3394,114,149,0.7651,0,1,0.0,0,0,,8941,19131,0.4674,212,396,0.5354,3,4,0.75,0,0,,48,133,0.3609,31,41,0.7561,0,1,0.0,0,0,,60,158,0.3797,30,39,0.7692,0,0,,0,0,,121,229,0.5284,549,803,0.6837,279,713,0.3913,0,0,,8819,18845,0.468,199,371,0.5364,3,3,1.0,0,0,
1117,SHELBY,114671,166416,0.6891,51129,77249,0.6619,63539,89161,0.7126,3,6,0.5,1292,1926,0.6708,7037,13112,0.5367,7166,14121,0.5075,7232,13255,0.5456,17706,27157,0.652,20311,27835,0.7297,21114,27311,0.7731,18818,23210,0.8108,11265,14174,0.7948,2714,4262,0.6368,27219,43895,0.6201,83684,115034,0.7275,3768,7487,0.5033,0,0,,85423,120009,0.7118,3046,5881,0.5179,15379,23975,0.6415,1362,2705,0.5035,1059,1985,0.5335,8402,11861,0.7084,15300,23805,0.6427,7888,11001,0.717,75265,104425,0.7208,2270,4583,0.4953,0,0,,2176,4837,0.4499,869,1039,0.8364,1,5,0.2,0,0,,14541,22968,0.6331,822,981,0.8379,16,26,0.6154,0,0,,910,2126,0.428,451,577,0.7816,1,2,0.5,0,0,,652,1460,0.4466,404,519,0.7784,3,6,0.5,0,0,,1052,1503,0.6999,5873,7493,0.7838,1477,2865,0.5155,0,0,,14475,22819,0.6343,809,960,0.8427,16,26,0.6154,0,0,
1115,ST. CLAIR,43695,69996,0.6242,19702,33006,0.5969,23991,36984,0.6487,2,6,0.3333,412,711,0.5795,2424,4725,0.513,2661,5493,0.4844,2790,5551,0.5026,6846,11964,0.5722,7239,11312,0.6399,8233,11909,0.6913,7641,10443,0.7317,4332,6014,0.7203,1112,1857,0.5988,6621,12071,0.5485,35309,53855,0.6556,1765,4070,0.4337,0,0,,35481,55573,0.6385,668,1317,0.5072,4226,7475,0.5654,227,458,0.4956,189,368,0.5136,2904,4805,0.6044,4214,7442,0.5662,1917,3076,0.6232,32394,49831,0.6501,1170,2666,0.4389,0,0,,428,1018,0.4204,240,298,0.8054,0,1,0.0,0,0,,3875,7040,0.5504,348,428,0.8131,3,7,0.4286,0,0,,118,328,0.3598,109,130,0.8385,0,0,,0,0,,91,240,0.3792,98,126,0.7778,0,2,0.0,0,0,,192,369,0.5203,2120,3042,0.6969,592,1394,0.4247,0,0,,3865,7011,0.5513,346,424,0.816,3,7,0.4286,0,0,
1119,SUMTER,5254,9109,0.5768,2108,4159,0.5069,3146,4950,0.6356,0,0,,33,54,0.6111,196,467,0.4197,222,700,0.3171,270,781,0.3457,593,1365,0.4344,758,1405,0.5395,1074,1563,0.6871,1260,1630,0.773,638,831,0.7677,210,309,0.6796,4343,7705,0.5637,857,1231,0.6962,54,173,0.3121,0,0,,1401,1916,0.7312,12,28,0.4286,3704,6958,0.5323,9,17,0.5294,27,41,0.6585,101,149,0.6779,3697,6932,0.5333,599,703,0.8521,773,1130,0.6841,29,83,0.3494,0,0,,8,10,0.8,4,6,0.6667,0,12,0.0,0,0,,3684,6922,0.5322,18,24,0.75,2,12,0.1667,0,0,,0,2,0.0,5,6,0.8333,4,9,0.4444,0,0,,10,10,1.0,12,12,1.0,5,19,0.2632,0,0,,42,58,0.7241,45,53,0.8491,14,38,0.3684,0,0,,3679,6910,0.5324,18,22,0.8182,0,0,,0,0,
1121,TALLADEGA,33526,58854,0.5696,14533,27036,0.5375,18993,31811,0.5971,0,7,0.0,240,428,0.5607,1631,3863,0.4222,1811,5064,0.3576,1787,4850,0.3685,4355,9274,0.4696,5169,9115,0.5671,6967,10209,0.6824,6811,9190,0.7411,3776,5156,0.7324,977,1682,0.5809,11021,23136,0.4764,21480,32974,0.6514,1025,2744,0.3735,0,0,,21935,35106,0.6248,358,794,0.4509,9268,19605,0.4727,158,328,0.4817,123,240,0.5125,1684,2781,0.6055,9196,19414,0.4737,1504,2690,0.5591,19742,30555,0.6461,689,1861,0.3702,0,0,,224,635,0.3528,134,159,0.8428,0,0,,0,0,,9008,19151,0.4704,257,445,0.5775,3,9,0.3333,0,0,,84,239,0.3515,74,89,0.8315,0,0,,0,0,,61,162,0.3765,62,78,0.7949,0,0,,0,0,,140,259,0.5405,1211,1648,0.7348,333,874,0.381,0,0,,8954,18981,0.4717,239,425,0.5624,3,8,0.375,0,0,
1123,TALLAPOOSA,19900,30940,0.6432,8880,14510,0.612,11020,16430,0.6707,0,0,,153,284,0.5387,918,1957,0.4691,975,2330,0.4185,973,2201,0.4421,2226,4153,0.536,2785,4479,0.6218,4137,5591,0.7399,4371,5495,0.7955,2637,3334,0.7909,721,1092,0.6603,4627,9421,0.4911,14775,20231,0.7303,498,1288,0.3866,0,0,,14709,20908,0.7035,185,435,0.4253,3746,7731,0.4845,86,156,0.5513,81,142,0.5704,1093,1568,0.6971,3726,7679,0.4852,793,1308,0.6063,13575,18689,0.7264,341,911,0.3743,0,0,,109,335,0.3254,76,100,0.76,0,0,,0,0,,3591,7473,0.4805,154,251,0.6135,1,7,0.1429,0,0,,27,85,0.3176,59,71,0.831,0,0,,0,0,,29,79,0.3671,52,60,0.8667,0,3,0.0,0,0,,78,141,0.5532,859,1060,0.8104,156,367,0.4251,0,0,,3576,7430,0.4813,149,242,0.6157,1,7,0.1429,0,0,
1125,TUSCALOOSA,84708,143894,0.5887,36560,65995,0.554,48142,77883,0.6181,6,16,0.375,939,1542,0.6089,6395,12167,0.5256,6104,15694,0.3889,5861,14449,0.4056,13071,25268,0.5173,13832,21921,0.631,14369,20261,0.7092,14154,18658,0.7586,7944,10505,0.7562,2034,3384,0.6011,30964,61063,0.5071,49917,73554,0.6786,3827,9277,0.4125,0,0,,54180,83117,0.6519,1239,2850,0.4347,23420,47958,0.4883,644,1189,0.5416,466,1079,0.4319,4759,7701,0.618,23226,47443,0.4896,5771,8600,0.671,45553,67827,0.6716,2856,6690,0.4269,0,0,,903,2425,0.3724,333,421,0.791,3,4,0.75,0,0,,22927,47235,0.4854,483,690,0.7,10,33,0.303,0,0,,435,940,0.4628,206,245,0.8408,3,4,0.75,0,0,,296,853,0.347,166,222,0.7477,4,4,1.0,0,0,,632,1010,0.6257,3176,4149,0.7655,951,2542,0.3741,0,0,,22766,46767,0.4868,450,644,0.6988,10,32,0.3125,0,0,
1127,WALKER,29542,47279,0.6248,13622,22195,0.6137,15918,25080,0.6347,2,4,0.5,240,379,0.6332,1612,3192,0.505,1835,3928,0.4672,1818,3736,0.4866,3886,7019,0.5536,4556,7378,0.6175,5628,8107,0.6942,5646,7463,0.7565,3425,4552,0.7524,894,1505,0.594,3054,6279,0.4864,22144,28473,0.7777,4344,12527,0.3468,0,0,,25171,39413,0.6386,330,739,0.4465,1570,3116,0.5039,149,262,0.5687,109,214,0.5093,2213,3535,0.626,1558,3090,0.5042,1488,2659,0.5596,19679,25290,0.7781,4004,11464,0.3493,0,0,,163,525,0.3105,166,212,0.783,1,2,0.5,0,0,,1201,2594,0.463,369,522,0.7069,0,0,,0,0,,39,132,0.2955,110,130,0.8462,0,0,,0,0,,32,120,0.2667,77,93,0.828,0,1,0.0,0,0,,131,249,0.5261,1743,2226,0.783,339,1060,0.3198,0,0,,1194,2576,0.4635,364,514,0.7082,0,0,,0,0,
1129,WASHINGTON,8344,13271,0.6287,3803,6321,0.6016,4541,6950,0.6534,0,0,,62,115,0.5391,470,981,0.4791,500,1082,0.4621,482,1002,0.481,1027,1940,0.5294,1204,1951,0.6171,1673,2377,0.7038,1638,2115,0.7745,1006,1280,0.7859,282,425,0.6635,1920,3721,0.516,6150,8748,0.703,274,802,0.3416,0,0,,5731,8481,0.6757,50,119,0.4202,1659,3175,0.5225,20,32,0.625,346,680,0.5088,538,784,0.6862,1646,3156,0.5215,346,610,0.5672,5251,7513,0.6989,134,358,0.3743,0,0,,3,9,0.3333,34,62,0.5484,13,48,0.2708,0,0,,1478,2949,0.5012,178,220,0.8091,3,6,0.5,0,0,,2,2,1.0,14,20,0.7,4,10,0.4,0,0,,46,82,0.561,242,393,0.6158,58,205,0.2829,0,0,,45,69,0.6522,431,540,0.7981,62,175,0.3543,0,0,,1473,2943,0.5005,173,213,0.8122,0,0,,0,0,
1131,WILCOX,5169,8206,0.6299,2206,3877,0.569,2963,4329,0.6845,0,0,,31,57,0.5439,249,578,0.4308,307,711,0.4318,262,602,0.4352,605,1142,0.5298,795,1302,0.6106,1048,1421,0.7375,1087,1364,0.7969,624,779,0.801,156,244,0.6393,3919,6527,0.6004,1193,1576,0.757,57,103,0.5534,0,0,,1627,2124,0.766,13,21,0.619,3404,5869,0.58,2,11,0.1818,10,22,0.4545,113,159,0.7107,3399,5858,0.5802,493,607,0.8122,1093,1447,0.7554,41,70,0.5857,0,0,,9,15,0.6,4,6,0.6667,0,0,,0,0,,3385,5843,0.5793,19,26,0.7308,0,0,,0,0,,0,7,0.0,2,4,0.5,0,0,,0,0,,5,16,0.3125,5,6,0.8333,0,0,,0,0,,27,39,0.6923,70,87,0.8046,16,33,0.4848,0,0,,3381,5834,0.5795,18,24,0.75,0,0,,0,0,
1133,WINSTON,11034,17069,0.6464,5149,8145,0.6322,5884,8923,0.6594,1,1,1.0,115,171,0.6725,611,1224,0.4992,582,1253,0.4645,572,1189,0.4811,1293,2270,0.5696,1605,2524,0.6359,2368,3253,0.7279,2164,2799,0.7731,1397,1813,0.7705,324,563,0.5755,543,1127,0.4818,10139,14896,0.6807,352,1046,0.3365,0,0,,9990,15277,0.6539,152,363,0.4187,38,103,0.3689,50,80,0.625,47,71,0.662,757,1175,0.6443,38,102,0.3725,374,634,0.5899,9373,13916,0.6735,243,727,0.3343,0,0,,82,278,0.295,70,85,0.8235,0,0,,0,0,,21,85,0.2471,17,18,0.9444,0,0,,0,0,,21,43,0.4884,29,36,0.8056,0,1,0.0,0,0,,19,36,0.5278,28,35,0.8,0,0,,0,0,,26,51,0.5098,622,806,0.7717,109,318,0.3428,0,0,,21,84,0.25,17,18,0.9444,0,0,,0,0,
